0	http://conference/reviewer/769
1	http://conference/review/772
2	http://conference/review/1648
3	http://conference#Review
4	http://conference/contribution_1th_author/1477
5	http://conference/paper/53
6	http://conference/reviewer/1629
7	http://conference#Reviewer
8	http://conference/paper/39
9	http://conference#Paper
10	http://conference/contribution_1th_author/1333
11	http://conference/paper/139
12	http://conference/reviewer/1872
13	http://conference/review/1612
14	http://conference/reviewer/302
15	http://conference/review/1318
16	http://conference/review/95
17	http://conference/reviewer/766
18	http://conference/review/971
19	http://conference/reviewer/1698
20	http://conference/reviewer/83
21	http://conference/review/1858
22	http://conference/reviewer/608
23	http://conference/contribution_co_author/238
24	http://conference/paper/1160
25	http://conference/reviewer/673
26	http://conference/review/1831
27	http://conference/reviewer/1425
28	http://conference/review/1426
29	http://conference/paper/158
30	http://conference/reviewer/128
31	http://conference/review/1597
32	http://conference/review/4
33	http://conference/contribution_1th_author/943
34	http://conference/paper/275
35	http://conference/paper/83
36	http://conference/program_committee/318
37	http://conference#Program_committee
38	http://conference/contribution_co_author/1123
39	http://conference/paper/1307
40	http://conference/paper/775
41	http://conference/reviewer/697
42	http://conference/review/748
43	http://conference/reviewer/390
44	http://conference/review/2094
45	http://conference/reviewer/163
46	http://conference/review/406
47	http://conference/reviewer/1387
48	http://conference/review/841
49	http://conference/review/1600
50	http://conference/review/930
51	http://conference/contribution_co_author/1042
52	http://conference/paper/207
53	http://conference/paper/1159
54	http://conference/reviewer/767
55	http://conference/review/1779
56	http://conference/paper/228
57	http://conference/reviewer/82
58	http://conference/review/1253
59	http://conference/paper/521
60	http://conference/reviewer/739
61	http://conference/review/1220
62	http://conference/reviewer/703
63	http://conference/review/704
64	http://conference/reviewer/967
65	http://conference/review/1313
66	http://conference/review/1501
67	http://conference/contribution_co_author/64
68	http://conference/paper/333
69	http://conference/contribution_1th_author/416
70	http://conference#Contribution_1th_author
71	http://conference/contribution_co_author/767
72	http://conference#Contribution_co_author
73	http://conference/review/1550
74	http://conference/contribution_co_author/33
75	http://conference/paper/824
76	http://conference/person/635
77	http://conference/conference_document/635
78	http://conference/review/1819
79	http://conference/review/958
80	http://conference/reviewer/288
81	http://conference/review/1655
82	http://conference/paper/493
83	http://conference/contribution_co_author/613
84	http://conference/paper/624
85	http://conference/paper/429
86	http://conference/review/779
87	http://conference/conference_volume/Conference_volume0
88	http://conference/program_committee/1267
89	http://conference/contribution_co_author/198
90	http://conference/paper/194
91	http://conference/paper/924
92	http://conference/contribution_1th_author/1308
93	http://conference/reviewer/953
94	http://conference/review/1320
95	http://conference/contribution_co_author/956
96	http://conference/paper/1730
97	http://conference/reviewer/17
98	http://conference/review/18
99	http://conference/review/1736
100	http://conference/review/389
101	http://conference/reviewer/1133
102	http://conference/review/1134
103	http://conference/reviewer/643
104	http://conference/review/834
105	http://conference/review/2223
106	http://conference/paper/915
107	http://conference/reviewer/702
108	http://conference/contribution_1th_author/110
109	http://conference/paper/143
110	http://conference/review/1113
111	http://conference/contribution_co_author/1
112	http://conference/reviewer/641
113	http://conference/contribution_1th_author/744
114	http://conference/paper/171
115	http://conference/reviewer/328
116	http://conference/review/1884
117	http://conference/contribution_co_author/300
118	http://conference/paper/299
119	http://conference/contribution_co_author/107
120	http://conference/paper/37
121	http://conference/reviewer/183
122	http://conference/contribution_co_author/1547
123	http://conference/paper/773
124	http://conference/contribution_co_author/460
125	http://conference/paper/132
126	http://conference/reviewer/845
127	http://conference/contribution_co_author/76
128	http://conference/paper/408
129	http://conference/contribution_co_author/1674
130	http://conference/paper/1889
131	http://conference/contribution_co_author/31
132	http://conference/paper/458
133	http://conference/paper/1259
134	http://conference/reviewer/1742
135	http://conference/review/1743
136	http://conference/review/1866
137	http://conference/review/21
138	http://conference/contribution_co_author/1742
139	http://conference/paper/465
140	http://conference/contribution_co_author/239
141	http://conference/paper/1620
142	http://conference/reviewer/1212
143	http://conference/conference_volume/1330
144	http://conference/program_committee/1330
145	http://conference/reviewer/475
146	http://conference/review/1856
147	http://conference/paper/320
148	http://conference/contribution_1th_author/1211
149	http://conference/paper/180
150	http://conference/contribution_1th_author/1221
151	http://conference/paper/311
152	http://conference/reviewer/1488
153	http://conference/review/2063
154	http://conference/contribution_co_author/608
155	http://conference/paper/432
156	http://conference/paper/1532
157	http://conference/reviewer/1017
158	http://conference/contribution_1th_author/610
159	http://conference/paper/60
160	http://conference/reviewer/40
161	http://conference/contribution_co_author/245
162	http://conference/paper/440
163	http://conference/contribution_co_author/477
164	http://conference/paper/105
165	http://conference/contribution_1th_author/1446
166	http://conference/paper/307
167	http://conference/contribution_co_author/1247
168	http://conference/contribution_co_author/1295
169	http://conference/reviewer/523
170	http://conference/contribution_co_author/985
171	http://conference/contribution_co_author/1401
172	http://conference/paper/1398
173	http://conference/reviewer/1489
174	http://conference/review/2000
175	http://conference/contribution_1th_author/1522
176	http://conference/paper/133
177	http://conference/reviewer/312
178	http://conference/contribution_1th_author/630
179	http://conference/paper/109
180	http://conference/paper/1244
181	http://conference/contribution_co_author/1439
182	http://conference/paper/1440
183	http://conference/contribution_co_author/447
184	http://conference/paper/212
185	http://conference/reviewer/419
186	http://conference/contribution_1th_author/509
187	http://conference/paper/142
188	http://conference/reviewer/1112
189	http://conference/paper/1069
190	http://conference/review/1456
191	http://conference/contribution_co_author/1145
192	http://conference/paper/233
193	http://conference/reviewer/1175
194	http://conference/review/2045
195	http://conference/review/2196
196	http://conference/contribution_co_author/632
197	http://conference/paper/1576
198	http://conference/contribution_co_author/226
199	http://conference/reviewer/85
200	http://conference/review/1033
201	http://conference/reviewer/1623
202	http://conference/contribution_co_author/462
203	http://conference/contribution_co_author/645
204	http://conference/paper/120
205	http://conference/contribution_co_author/766
206	http://conference/paper/1445
207	http://conference/contribution_co_author/800
208	http://conference/paper/801
209	http://conference/reviewer/548
210	http://conference/review/1707
211	http://conference/contribution_1th_author/441
212	http://conference/paper/220
213	http://conference/contribution_co_author/426
214	http://conference/paper/433
215	http://conference/contribution_co_author/1520
216	http://conference/paper/618
217	http://conference/review/1672
218	http://conference/reviewer/651
219	http://conference/contribution_co_author/1327
220	http://conference/paper/38
221	http://conference/contribution_co_author/530
222	http://conference/paper/159
223	http://conference/review/1807
224	http://conference/program_committee/1266
225	http://conference/reviewer/568
226	http://conference/review/570
227	http://conference/review/1805
228	http://conference/reviewer/234
229	http://conference/program_committee/1005
230	http://conference/review/502
231	http://conference/reviewer/973
232	http://conference/review/1732
233	http://conference/contribution_co_author/16
234	http://conference/review/1028
235	http://conference/reviewer/273
236	http://conference/review/1595
237	http://conference/review/677
238	http://conference/paper/1063
239	http://conference/paper/1281
240	http://conference/contribution_1th_author/1000
241	http://conference/reviewer/957
242	http://conference/review/2043
243	http://conference/contribution_co_author/78
244	http://conference/reviewer/13
245	http://conference/review/1128
246	http://conference/review/1787
247	http://conference/paper/733
248	http://conference/contribution_co_author/579
249	http://conference/paper/581
250	http://conference/review/1043
251	http://conference/contribution_co_author/97
252	http://conference/paper/208
253	http://conference/contribution_1th_author/1846
254	http://conference/review/87
255	http://conference/contribution_co_author/1235
256	http://conference/paper/126
257	http://conference/paper/40
258	http://conference/paper/124
259	http://conference/contribution_co_author/1479
260	http://conference/contribution_1th_author/609
261	http://conference/paper/46
262	http://conference/paper/623
263	http://conference/reviewer/993
264	http://conference/review/1288
265	http://conference/review/1455
266	http://conference/paper/606
267	http://conference/contribution_co_author/709
268	http://conference/paper/450
269	http://conference/contribution_co_author/201
270	http://conference/paper/115
271	http://conference/review/1778
272	http://conference/reviewer/1786
273	http://conference/reviewer/538
274	http://conference/review/1902
275	http://conference/contribution_co_author/793
276	http://conference/paper/1435
277	http://conference/contribution_co_author/1564
278	http://conference/paper/1010
279	http://conference/contribution_co_author/232
280	http://conference/paper/1210
281	http://conference/contribution_1th_author/537
282	http://conference/contribution_1th_author/869
283	http://conference/paper/135
284	http://conference/conference_document/1297
285	http://www.w3.org/2002/07/owl#Thing
286	http://conference/reviewer/277
287	http://conference/review/1153
288	http://conference/contribution_co_author/13
289	http://conference/paper/685
290	http://conference/review/206
291	http://conference/contribution_1th_author/412
292	http://conference/paper/74
293	http://conference/paper/202
294	http://conference/conference_document/1034
295	http://conference/review/1403
296	http://conference/review/1645
297	http://conference/contribution_1th_author/940
298	http://conference/paper/30
299	http://conference/reviewer/1638
300	http://conference/contribution_co_author/219
301	http://conference/paper/536
302	http://conference/paper/4
303	http://conference/paper/303
304	http://conference/paper/63
305	http://conference/reviewer/1998
306	http://conference/review/1997
307	http://conference/review/36
308	http://conference/contribution_co_author/1992
309	http://conference/paper/19
310	http://conference/contribution_1th_author/1800
311	http://conference/paper/192
312	http://conference/reviewer/1464
313	http://conference/review/1465
314	http://conference/paper/669
315	http://conference/person/247
316	http://conference/conference_document/247
317	http://conference/paper/380
318	http://conference/paper/1483
319	http://conference/review/1614
320	http://conference/contribution_1th_author/1553
321	http://conference/paper/344
322	http://conference/contribution_1th_author/1392
323	http://conference/paper/300
324	http://conference/reviewer/162
325	http://conference/review/860
326	http://conference/contribution_1th_author/982
327	http://conference/paper/130
328	http://conference/contribution_1th_author/1399
329	http://conference/paper/313
330	http://conference/reviewer/276
331	http://conference/review/280
332	http://conference/paper/763
333	http://conference/contribution_co_author/1488
334	http://conference/review/23
335	http://conference/contribution_co_author/292
336	http://conference/paper/174
337	http://conference/paper/1250
338	http://conference/reviewer/783
339	http://conference/review/1526
340	http://conference/reviewer/1952
341	http://conference/review/1951
342	http://conference/reviewer/138
343	http://conference/paper/249
344	http://conference/reviewer/1859
345	http://conference/contribution_co_author/1786
346	http://conference/paper/3
347	http://conference/contribution_co_author/1845
348	http://conference/paper/1013
349	http://conference/conference_document/459
350	http://conference/contribution_co_author/625
351	http://conference/paper/1366
352	http://conference/reviewer/633
353	http://conference/contribution_co_author/688
354	http://conference/paper/689
355	http://conference/reviewer/1137
356	http://conference/review/1138
357	http://conference/contribution_co_author/164
358	http://conference/review/2068
359	http://conference/contribution_1th_author/489
360	http://conference/paper/110
361	http://conference/contribution_co_author/307
362	http://conference/paper/308
363	http://conference/contribution_co_author/197
364	http://conference/review/496
365	http://conference/review/1006
366	http://conference/contribution_co_author/2053
367	http://conference/paper/1135
368	http://conference/review/1808
369	http://conference/contribution_co_author/640
370	http://conference/paper/402
371	http://conference/contribution_co_author/69
372	http://conference/paper/66
373	http://conference/paper/323
374	http://conference/contribution_1th_author/1654
375	http://conference/review/1716
376	http://conference/reviewer/927
377	http://conference/contribution_co_author/1605
378	http://conference/paper/128
379	http://conference/paper/755
380	http://conference/reviewer/631
381	http://conference/review/1530
382	http://conference/review/1689
383	http://conference/paper/151
384	http://conference/review/173
385	http://conference/paper/976
386	http://conference/reviewer/500
387	http://conference/review/499
388	http://conference/review/2032
389	http://conference/contribution_1th_author/28
390	http://conference/paper/129
391	http://conference/reviewer/1823
392	http://conference/paper/262
393	http://conference/contribution_co_author/91
394	http://conference/review/605
395	http://conference/contribution_co_author/363
396	http://conference/contribution_co_author/419
397	http://conference/paper/1098
398	http://conference/review/1291
399	http://conference/paper/72
400	http://conference/reviewer/698
401	http://conference/review/1371
402	http://conference/contribution_co_author/255
403	http://conference/paper/260
404	http://conference/contribution_co_author/2097
405	http://conference/reviewer/459
406	http://conference/review/1727
407	http://conference/reviewer/1520
408	http://conference/contribution_co_author/146
409	http://conference/review/1024
410	http://conference/reviewer/393
411	http://conference/reviewer/1340
412	http://conference/reviewer/467
413	http://conference/review/466
414	http://conference/contribution_co_author/418
415	http://conference/paper/335
416	http://conference/paper/324
417	http://conference/contribution_1th_author/68
418	http://conference/paper/10
419	http://conference/reviewer/24
420	http://conference/review/1287
421	http://conference/paper/8
422	http://conference/contribution_co_author/1045
423	http://conference/contribution_co_author/200
424	http://conference/paper/857
425	http://conference/contribution_co_author/188
426	http://conference/paper/184
427	http://conference/review/1301
428	http://conference/reviewer/1093
429	http://conference/review/1869
430	http://conference/paper/1554
431	http://conference/contribution_co_author/367
432	http://conference/paper/895
433	http://conference/reviewer/505
434	http://conference/reviewer/223
435	http://conference/review/2080
436	http://conference/contribution_co_author/376
437	http://conference/paper/375
438	http://conference/paper/802
439	http://conference/review/1750
440	http://conference/reviewer/365
441	http://conference/paper/271
442	http://conference/reviewer/1132
443	http://conference/review/892
444	http://conference/reviewer/603
445	http://conference/reviewer/262
446	http://conference/review/271
447	http://conference/reviewer/414
448	http://conference/contribution_co_author/2026
449	http://conference/paper/1585
450	http://conference/reviewer/1094
451	http://conference/review/2226
452	http://conference/review/1457
453	http://conference/paper/54
454	http://conference/paper/949
455	http://conference/review/1171
456	http://conference/paper/405
457	http://conference/reviewer/71
458	http://conference/review/1945
459	http://conference/reviewer/573
460	http://conference/review/574
461	http://conference/paper/264
462	http://conference/paper/242
463	http://conference/reviewer/777
464	http://conference/review/780
465	http://conference/paper/165
466	http://conference/reviewer/1295
467	http://conference/contribution_co_author/225
468	http://conference/paper/881
469	http://conference/paper/183
470	http://conference/reviewer/285
471	http://conference/review/384
472	http://conference/contribution_co_author/994
473	http://conference/contribution_1th_author/662
474	http://conference/paper/314
475	http://conference/contribution_co_author/1419
476	http://conference/contribution_1th_author/1680
477	http://conference/reviewer/57
478	http://conference/contribution_co_author/488
479	http://conference/contribution_co_author/1861
480	http://conference/paper/1710
481	http://conference/review/1756
482	http://conference/person/316
483	http://conference/conference_document/316
484	http://conference/review/2247
485	http://conference/contribution_co_author/71
486	http://conference/review/2142
487	http://conference/reviewer/687
488	http://conference/review/1560
489	http://conference/reviewer/197
490	http://conference/review/1903
491	http://conference/reviewer/1739
492	http://conference/contribution_1th_author/1651
493	http://conference/paper/235
494	http://conference/review/667
495	http://conference/paper/50
496	http://conference/reviewer/425
497	http://conference/review/424
498	http://conference/reviewer/812
499	http://conference/review/1075
500	http://conference/reviewer/487
501	http://conference/contribution_1th_author/224
502	http://conference/paper/343
503	http://conference/contribution_co_author/116
504	http://conference/paper/119
505	http://conference/paper/147
506	http://conference/reviewer/240
507	http://conference/contribution_co_author/185
508	http://conference/paper/1737
509	http://conference/paper/26
510	http://conference/paper/226
511	http://conference/contribution_co_author/262
512	http://conference/paper/269
513	http://conference/review/305
514	http://conference/contribution_1th_author/1070
515	http://conference/review/1085
516	http://conference/review/1768
517	http://conference/review/1720
518	http://conference/reviewer/78
519	http://conference/contribution_co_author/88
520	http://conference/contribution_co_author/442
521	http://conference/paper/1317
522	http://conference/contribution_1th_author/2124
523	http://conference/paper/131
524	http://conference/contribution_1th_author/1473
525	http://conference/reviewer/645
526	http://conference/paper/234
527	http://conference/paper/464
528	http://conference/paper/1200
529	http://conference/paper/261
530	http://conference/person/1810
531	http://conference/conference_document/1810
532	http://conference/reviewer/1674
533	http://conference/review/1828
534	http://conference/paper/317
535	http://conference/review/314
536	http://conference/reviewer/145
537	http://conference/reviewer/1169
538	http://conference/review/1168
539	http://conference/review/858
540	http://conference/review/859
541	http://conference/contribution_co_author/315
542	http://conference/paper/301
543	http://conference/paper/45
544	http://conference/reviewer/809
545	http://conference/review/808
546	http://conference/paper/321
547	http://conference/reviewer/22
548	http://conference/review/1940
549	http://conference/reviewer/161
550	http://conference/contribution_co_author/290
551	http://conference/paper/291
552	http://conference/paper/73
553	http://conference/contribution_co_author/2022
554	http://conference/paper/1111
555	http://conference/contribution_1th_author/2182
556	http://conference/reviewer/1109
557	http://conference/review/1110
558	http://conference/review/1528
559	http://conference/reviewer/599
560	http://conference/reviewer/301
561	http://conference/review/1201
562	http://conference/reviewer/640
563	http://conference/reviewer/76
564	http://conference/review/1035
565	http://conference/reviewer/1091
566	http://conference/review/1217
567	http://conference/paper/522
568	http://conference/reviewer/1177
569	http://conference/review/1176
570	http://conference/contribution_co_author/736
571	http://conference/review/1004
572	http://conference/reviewer/462
573	http://conference/contribution_co_author/343
574	http://conference/contribution_co_author/1175
575	http://conference/contribution_co_author/629
576	http://conference/paper/628
577	http://conference/reviewer/221
578	http://conference/review/1744
579	http://conference/contribution_co_author/1120
580	http://conference/reviewer/74
581	http://conference/review/1461
582	http://conference/contribution_co_author/1194
583	http://conference/paper/1196
584	http://conference/review/2100
585	http://conference/contribution_1th_author/992
586	http://conference/contribution_1th_author/249
587	http://conference/paper/357
588	http://conference/person/743
589	http://conference/conference_document/743
590	http://conference/contribution_1th_author/1618
591	http://conference/paper/138
592	http://conference/review/220
593	http://conference/contribution_1th_author/790
594	http://conference/paper/331
595	http://conference/reviewer/1769
596	http://conference/review/2213
597	http://conference/paper/127
598	http://conference/contribution_co_author/1494
599	http://conference/paper/1558
600	http://conference/review/792
601	http://conference/paper/342
602	http://conference/contribution_co_author/158
603	http://conference/paper/485
604	http://conference/reviewer/1231
605	http://conference/review/2160
606	http://conference/review/658
607	http://conference/reviewer/1360
608	http://conference/review/1572
609	http://conference/contribution_co_author/603
610	http://conference/reviewer/1606
611	http://conference/review/1912
612	http://conference/review/1854
613	http://conference/reviewer/1420
614	http://conference/contribution_1th_author/768
615	http://conference/paper/28
616	http://conference/contribution_co_author/216
617	http://conference/contribution_co_author/777
618	http://conference/paper/13
619	http://conference/paper/1272
620	http://conference/review/1993
621	http://conference/paper/965
622	http://conference/contribution_co_author/711
623	http://conference/contribution_co_author/1739
624	http://conference/contribution_co_author/47
625	http://conference/paper/78
626	http://conference/review/2092
627	http://conference/contribution_1th_author/1342
628	http://conference/contribution_co_author/1407
629	http://conference/contribution_co_author/128
630	http://conference/conference_volume/1005
631	http://conference/paper/148
632	http://conference/contribution_co_author/861
633	http://conference/contribution_1th_author/1083
634	http://conference/paper/48
635	http://conference/reviewer/647
636	http://conference/contribution_1th_author/964
637	http://conference/paper/195
638	http://conference/reviewer/1120
639	http://conference/review/1922
640	http://conference/reviewer/254
641	http://conference/review/253
642	http://conference/person/200
643	http://conference/conference_document/200
644	http://conference/contribution_co_author/540
645	http://conference/paper/562
646	http://conference/contribution_co_author/750
647	http://conference/paper/734
648	http://conference/reviewer/157
649	http://conference/review/1290
650	http://conference/contribution_1th_author/2050
651	http://conference/conference_document/644
652	http://conference/reviewer/1460
653	http://conference/reviewer/636
654	http://conference/review/1679
655	http://conference/reviewer/1915
656	http://conference/contribution_co_author/885
657	http://conference/paper/596
658	http://conference/review/1692
659	http://conference/review/1338
660	http://conference/reviewer/1045
661	http://conference/review/1044
662	http://conference/contribution_co_author/487
663	http://conference/contribution_co_author/1276
664	http://conference/contribution_co_author/191
665	http://conference/contribution_co_author/838
666	http://conference/paper/123
667	http://conference/paper/1324
668	http://conference/contribution_co_author/1830
669	http://conference/contribution_co_author/725
670	http://conference/reviewer/12
671	http://conference/review/2119
672	http://conference/review/679
673	http://conference/paper/883
674	http://conference/contribution_co_author/1093
675	http://conference/paper/1326
676	http://conference/person/1328
677	http://conference/conference_document/1328
678	http://conference/contribution_co_author/1102
679	http://conference/paper/1099
680	http://conference/reviewer/693
681	http://conference/review/692
682	http://conference/paper/95
683	http://conference/paper/243
684	http://conference/paper/287
685	http://conference/paper/503
686	http://conference/reviewer/239
687	http://conference/review/323
688	http://conference/reviewer/199
689	http://conference/review/1536
690	http://conference/contribution_co_author/638
691	http://conference/paper/1533
692	http://conference/contribution_co_author/2069
693	http://conference/paper/1239
694	http://conference/contribution_1th_author/392
695	http://conference/contribution_1th_author/1378
696	http://conference/paper/71
697	http://conference/review/1389
698	http://conference/paper/244
699	http://conference/review/1255
700	http://conference/contribution_1th_author/362
701	http://conference/paper/199
702	http://conference/reviewer/483
703	http://conference/review/484
704	http://conference/review/1348
705	http://conference/paper/914
706	http://conference/reviewer/1613
707	http://conference/review/2126
708	http://conference/reviewer/151
709	http://conference/review/152
710	http://conference/reviewer/1693
711	http://conference/person/88
712	http://conference/conference_document/88
713	http://conference/review/580
714	http://conference/reviewer/690
715	http://conference/reviewer/635
716	http://conference/contribution_1th_author/1157
717	http://conference/paper/98
718	http://conference/contribution_co_author/1755
719	http://conference/paper/1372
720	http://conference/reviewer/1018
721	http://conference/review/2028
722	http://conference/contribution_co_author/812
723	http://conference/paper/1587
724	http://conference/reviewer/279
725	http://conference/reviewer/929
726	http://conference/contribution_1th_author/1436
727	http://conference/paper/366
728	http://conference/contribution_1th_author/1617
729	http://conference/paper/254
730	http://conference/review/1347
731	http://conference/contribution_1th_author/1422
732	http://conference/contribution_1th_author/507
733	http://conference/paper/346
734	http://conference#Person
735	http://conference/contribution_co_author/1393
736	http://conference/paper/1669
737	http://conference/contribution_co_author/927
738	http://conference/contribution_1th_author/1418
739	http://conference/paper/353
740	http://conference/reviewer/426
741	http://conference/contribution_1th_author/48
742	http://conference/paper/270
743	http://conference/reviewer/837
744	http://conference/review/2131
745	http://conference/reviewer/420
746	http://conference/review/1896
747	http://conference/review/1303
748	http://conference/paper/787
749	http://conference/review/2075
750	http://conference/contribution_co_author/597
751	http://conference/contribution_co_author/96
752	http://conference/paper/422
753	http://conference/contribution_co_author/826
754	http://conference/paper/827
755	http://conference/review/1319
756	http://conference/contribution_1th_author/379
757	http://conference/paper/319
758	http://conference/paper/1476
759	http://conference/conference_document/411
760	http://conference/review/1233
761	http://conference/paper/9
762	http://conference/paper/1087
763	http://conference/contribution_1th_author/591
764	http://conference/reviewer/1279
765	http://conference/review/1278
766	http://conference/review/1394
767	http://conference/reviewer/391
768	http://conference/review/2206
769	http://conference/contribution_co_author/228
770	http://conference/paper/978
771	http://conference/reviewer/746
772	http://conference/contribution_co_author/2029
773	http://conference/review/839
774	http://conference/review/974
775	http://conference/contribution_co_author/326
776	http://conference/paper/1184
777	http://conference/reviewer/46
778	http://conference/reviewer/1341
779	http://conference/contribution_co_author/248
780	http://conference/paper/1082
781	http://conference/contribution_co_author/11
782	http://conference/paper/1385
783	http://conference/reviewer/216
784	http://conference/review/215
785	http://conference/reviewer/1380
786	http://conference/review/1379
787	http://conference/paper/22
788	http://conference/paper/512
789	http://conference/review/1686
790	http://conference/review/2081
791	http://conference/review/902
792	http://conference/reviewer/516
793	http://conference/review/515
794	http://conference/review/1548
795	http://conference/reviewer/324
796	http://conference/contribution_1th_author/332
797	http://conference/paper/25
798	http://conference/contribution_1th_author/52
799	http://conference/paper/2
800	http://conference/contribution_1th_author/730
801	http://conference/paper/114
802	http://conference/review/1723
803	http://conference/reviewer/1660
804	http://conference/review/1923
805	http://conference/review/1275
806	http://conference/contribution_1th_author/1124
807	http://conference/paper/1122
808	http://conference/contribution_co_author/1020
809	http://conference/paper/33
810	http://conference/contribution_co_author/671
811	http://conference/reviewer/479
812	http://conference/review/478
813	http://conference/reviewer/1682
814	http://conference/review/1683
815	http://conference/reviewer/1578
816	http://conference/review/1913
817	http://conference/contribution_co_author/1343
818	http://conference/contribution_co_author/486
819	http://conference/contribution_co_author/912
820	http://conference/paper/913
821	http://conference/paper/213
822	http://conference/contribution_co_author/678
823	http://conference/review/899
824	http://conference/review/1077
825	http://conference/review/726
826	http://conference/contribution_1th_author/86
827	http://conference/contribution_1th_author/1705
828	http://conference/paper/189
829	http://conference/contribution_1th_author/344
830	http://conference/paper/87
831	http://conference/paper/203
832	http://conference/paper/1127
833	http://conference/paper/351
834	http://conference/paper/453
835	http://conference/contribution_1th_author/1919
836	http://conference/contribution_co_author/1687
837	http://conference/review/1251
838	http://conference/review/1657
839	http://conference/review/125
840	http://conference/reviewer/242
841	http://conference/review/1282
842	http://conference/review/2239
843	http://conference/reviewer/594
844	http://conference/review/1421
845	http://conference/review/1947
846	http://conference/contribution_co_author/1271
847	http://conference/contribution_1th_author/1568
848	http://conference/paper/284
849	http://conference/contribution_1th_author/986
850	http://conference/paper/80
851	http://conference/review/2089
852	http://conference/contribution_co_author/636
853	http://conference/paper/778
854	http://conference/reviewer/80
855	http://conference/conference_volume/1267
856	http://conference/reviewer/1547
857	http://conference/review/1546
858	http://conference/reviewer/203
859	http://conference/review/202
860	http://conference/reviewer/874
861	http://conference/contribution_co_author/822
862	http://conference/contribution_co_author/199
863	http://conference/paper/1182
864	http://conference/contribution_co_author/837
865	http://conference/review/1630
866	http://conference/paper/339
867	http://conference/reviewer/556
868	http://conference/review/557
869	http://conference/reviewer/625
870	http://conference/review/1676
871	http://conference/paper/348
872	http://conference/contribution_co_author/661
873	http://conference/paper/150
874	http://conference/review/311
875	http://conference/reviewer/721
876	http://conference/review/1286
877	http://conference/review/2019
878	http://conference/contribution_1th_author/331
879	http://conference/paper/186
880	http://conference/review/297
881	http://conference/paper/781
882	http://conference/contribution_1th_author/461
883	http://conference/reviewer/1141
884	http://conference/review/1142
885	http://conference/contribution_co_author/1199
886	http://conference/review/904
887	http://conference/review/1311
888	http://conference/reviewer/70
889	http://conference/review/2219
890	http://conference/review/1644
891	http://conference/contribution_1th_author/14
892	http://conference/paper/58
893	http://conference/reviewer/1376
894	http://conference/review/1375
895	http://conference/review/1486
896	http://conference/review/1926
897	http://conference/contribution_co_author/235
898	http://conference/review/1031
899	http://conference/paper/190
900	http://conference/contribution_co_author/911
901	http://conference/paper/906
902	http://conference/review/1719
903	http://conference/review/58
904	http://conference/reviewer/539
905	http://conference/review/764
906	http://conference/paper/107
907	http://conference/contribution_co_author/46
908	http://conference/contribution_1th_author/814
909	http://conference/paper/219
910	http://conference/review/1939
911	http://conference/review/1765
912	http://conference/review/735
913	http://conference/contribution_1th_author/32
914	http://conference/paper/93
915	http://conference/paper/304
916	http://conference/paper/381
917	http://conference/paper/245
918	http://conference/reviewer/1302
919	http://conference/contribution_co_author/1424
920	http://conference/review/1933
921	http://conference/contribution_1th_author/1562
922	http://conference/paper/141
923	http://conference/contribution_co_author/163
924	http://conference/paper/1751
925	http://conference/contribution_1th_author/179
926	http://conference/review/1580
927	http://conference/contribution_co_author/795
928	http://conference/paper/563
929	http://conference/contribution_co_author/145
930	http://conference/paper/926
931	http://conference/reviewer/1541
932	http://conference/review/1898
933	http://conference/paper/832
934	http://conference/review/1746
935	http://conference/paper/334
936	http://conference/review/1754
937	http://conference/paper/238
938	http://conference/contribution_co_author/352
939	http://conference/paper/354
940	http://conference/contribution_co_author/1642
941	http://conference/contribution_co_author/1681
942	http://conference/contribution_1th_author/796
943	http://conference/paper/67
944	http://conference/contribution_1th_author/1738
945	http://conference/contribution_co_author/189
946	http://conference/contribution_co_author/1998
947	http://conference/reviewer/1433
948	http://conference/review/1434
949	http://conference/contribution_co_author/183
950	http://conference/paper/435
951	http://conference/contribution_1th_author/377
952	http://conference/reviewer/1023
953	http://conference/review/1711
954	http://conference/review/934
955	http://conference/paper/79
956	http://conference/reviewer/634
957	http://conference/reviewer/866
958	http://conference/contribution_1th_author/281
959	http://conference/paper/181
960	http://conference/contribution_1th_author/1745
961	http://conference/paper/310
962	http://conference/contribution_co_author/103
963	http://conference/paper/111
964	http://conference/contribution_co_author/138
965	http://conference/reviewer/639
966	http://conference/review/2176
967	http://conference/paper/337
968	http://conference/reviewer/840
969	http://conference/conference_volume/668
970	http://conference/program_committee/668
971	http://conference/review/691
972	http://conference/contribution_1th_author/1305
973	http://conference/review/1104
974	http://conference/review/494
975	http://conference/reviewer/442
976	http://conference/contribution_co_author/2115
977	http://conference/contribution_co_author/590
978	http://conference/paper/1038
979	http://conference/contribution_co_author/214
980	http://conference/contribution_co_author/2071
981	http://conference/paper/653
982	http://conference/review/916
983	http://conference/paper/172
984	http://conference/contribution_co_author/92
985	http://conference/paper/504
986	http://conference/paper/1377
987	http://conference/contribution_1th_author/907
988	http://conference/review/1284
989	http://conference/contribution_co_author/1561
990	http://conference/reviewer/196
991	http://conference/review/546
992	http://conference/contribution_co_author/1420
993	http://conference/contribution_co_author/203
994	http://conference/reviewer/385
995	http://conference/review/616
996	http://conference/paper/592
997	http://conference/paper/727
998	http://conference/reviewer/1681
999	http://conference/review/720
1000	http://conference/review/1209
1001	http://conference/paper/204
1002	http://conference/reviewer/34
1003	http://conference/review/747
1004	http://conference/reviewer/27
1005	http://conference/paper/217
1006	http://conference/paper/1609
1007	http://conference/paper/259
1008	http://conference/reviewer/1076
1009	http://conference/reviewer/835
1010	http://conference/paper/1188
1011	http://conference/paper/62
1012	http://conference/reviewer/1722
1013	http://conference/contribution_co_author/566
1014	http://conference/paper/567
1015	http://conference/contribution_co_author/556
1016	http://conference/paper/558
1017	http://conference/reviewer/868
1018	http://conference/reviewer/532
1019	http://conference/review/664
1020	http://conference/paper/754
1021	http://conference/reviewer/1356
1022	http://conference/review/1987
1023	http://conference/review/1545
1024	http://conference/contribution_co_author/1380
1025	http://conference/paper/922
1026	http://conference/reviewer/236
1027	http://conference/review/887
1028	http://conference/review/2204
1029	http://conference/paper/398
1030	http://conference/reviewer/1334
1031	http://conference/review/2085
1032	http://conference/contribution_co_author/85
1033	http://conference/paper/81
1034	http://conference/reviewer/181
1035	http://conference/person/535
1036	http://conference/contribution_co_author/1944
1037	http://conference/reviewer/716
1038	http://conference/review/715
1039	http://conference/paper/1443
1040	http://conference/contribution_1th_author/278
1041	http://conference/review/1432
1042	http://conference/reviewer/1367
1043	http://conference/contribution_co_author/550
1044	http://conference/conference_document/Conference_document0
1045	http://conference/contribution_co_author/233
1046	http://conference/contribution_co_author/393
1047	http://conference/paper/776
1048	http://conference/contribution_co_author/22
1049	http://conference/reviewer/541
1050	http://conference/reviewer/1003
1051	http://conference/review/1643
1052	http://conference/reviewer/825
1053	http://conference/reviewer/235
1054	http://conference/review/336
1055	http://conference/review/1551
1056	http://conference/review/139
1057	http://conference/contribution_1th_author/1189
1058	http://conference/paper/257
1059	http://conference/reviewer/1248
1060	http://conference/paper/918
1061	http://conference/reviewer/1671
1062	http://conference/review/2030
1063	http://conference/review/598
1064	http://conference/review/1921
1065	http://conference/contribution_1th_author/928
1066	http://conference/contribution_co_author/302
1067	http://conference/review/452
1068	http://conference/reviewer/1205
1069	http://conference/reviewer/663
1070	http://conference/review/2171
1071	http://conference/review/948
1072	http://conference/contribution_1th_author/672
1073	http://conference/contribution_1th_author/108
1074	http://conference/paper/363
1075	http://conference/contribution_1th_author/789
1076	http://conference/program_committee/565
1077	http://conference/review/1625
1078	http://conference/person/84
1079	http://conference/contribution_co_author/1979
1080	http://conference/review/1451
1081	http://conference/review/166
1082	http://conference/paper/146
1083	http://conference/paper/322
1084	http://conference/paper/160
1085	http://conference/reviewer/529
1086	http://conference/paper/69
1087	http://conference/review/1599
1088	http://conference/contribution_1th_author/446
1089	http://conference/paper/248
1090	http://conference/paper/211
1091	http://conference/reviewer/736
1092	http://conference/paper/51
1093	http://conference/review/932
1094	http://conference/contribution_co_author/528
1095	http://conference/review/1694
1096	http://conference/contribution_co_author/1773
1097	http://conference/paper/785
1098	http://conference/review/680
1099	http://conference/review/719
1100	http://conference/paper/52
1101	http://conference/review/2190
1102	http://conference/reviewer/378
1103	http://conference/paper/247
1104	http://conference/contribution_co_author/526
1105	http://conference/review/1626
1106	http://conference/contribution_1th_author/1406
1107	http://conference/reviewer/1335
1108	http://conference/review/1336
1109	http://conference/paper/44
1110	http://conference/review/1502
1111	http://conference/reviewer/1442
1112	http://conference/review/1264
1113	http://conference/contribution_co_author/1315
1114	http://conference/review/1513
1115	http://conference/contribution_co_author/1025
1116	http://conference/paper/266
1117	http://conference/person/393
1118	http://conference/reviewer/590
1119	http://conference/review/1037
1120	http://conference/paper/373
1121	http://conference/review/1150
1122	http://conference/contribution_co_author/538
1123	http://conference/contribution_co_author/762
1124	http://conference/reviewer/47
1125	http://conference/paper/85
1126	http://conference/review/1487
1127	http://conference/contribution_co_author/1103
1128	http://conference/paper/1192
1129	http://conference/contribution_co_author/420
1130	http://conference/paper/401
1131	http://conference/paper/1197
1132	http://conference/review/1152
1133	http://conference/contribution_co_author/1297
1134	http://conference/reviewer/1262
1135	http://conference/review/1943
1136	http://conference/reviewer/168
1137	http://conference/review/167
1138	http://conference/contribution_co_author/626
1139	http://conference/paper/1049
1140	http://conference/reviewer/244
1141	http://conference/review/1170
1142	http://conference/reviewer/1492
1143	http://conference/reviewer/615
1144	http://conference/reviewer/469
1145	http://conference/review/2165
1146	http://conference/paper/893
1147	http://conference/paper/162
1148	http://conference/paper/125
1149	http://conference/review/1573
1150	http://conference/reviewer/1190
1151	http://conference/review/649
1152	http://conference/paper/41
1153	http://conference/reviewer/1431
1154	http://conference/review/1430
1155	http://conference/reviewer/101
1156	http://conference/reviewer/189
1157	http://conference/review/1916
1158	http://conference/reviewer/644
1159	http://conference/reviewer/1249
1160	http://conference/review/1485
1161	http://conference/paper/295
1162	http://conference/review/920
1163	http://conference/review/823
1164	http://conference/contribution_co_author/24
1165	http://conference/review/1453
1166	http://conference/review/753
1167	http://conference/review/1441
1168	http://conference/contribution_co_author/1905
1169	http://conference/person/473
1170	http://conference/contribution_co_author/1137
1171	http://conference/review/1306
1172	http://conference/paper/216
1173	http://conference/contribution_1th_author/1236
1174	http://conference/paper/1181
1175	http://conference/reviewer/524
1176	http://conference/review/1834
1177	http://conference/contribution_co_author/851
1178	http://conference/review/399
1179	http://conference/reviewer/1115
1180	http://conference/paper/1151
1181	http://conference/contribution_co_author/1763
1182	http://conference/paper/149
1183	http://conference/review/760
1184	http://conference/reviewer/1164
1185	http://conference/review/1163
1186	http://conference/contribution_co_author/12
1187	http://conference/paper/251
1188	http://conference/contribution_1th_author/1092
1189	http://conference/contribution_1th_author/1901
1190	http://conference/contribution_1th_author/122
1191	http://conference/paper/362
1192	http://conference/review/75
1193	http://conference/review/1459
1194	http://conference/review/1414
1195	http://conference/reviewer/170
1196	http://conference/paper/24
1197	http://conference/reviewer/718
1198	http://conference/contribution_co_author/607
1199	http://conference/reviewer/611
1200	http://conference/review/2177
1201	http://conference/review/1700
1202	http://conference/person/1297
1203	http://conference/contribution_co_author/497
1204	http://conference/paper/396
1205	http://conference/paper/332
1206	http://conference/contribution_1th_author/1761
1207	http://conference/review/1954
1208	http://conference/person/31
1209	http://conference/conference_document/31
1210	http://conference/reviewer/1194
1211	http://conference/review/1195
1212	http://conference/contribution_co_author/80
1213	http://conference/reviewer/632
1214	http://conference/review/1960
1215	http://conference/contribution_co_author/599
1216	http://conference/review/386
1217	http://conference/contribution_co_author/445
1218	http://conference/reviewer/1577
1219	http://conference/paper/302
1220	http://conference/review/1215
1221	http://conference/contribution_co_author/1416
1222	http://conference/paper/103
1223	http://conference/contribution_1th_author/1994
1224	http://conference/reviewer/1328
1225	http://conference/review/547
1226	http://conference/contribution_co_author/70
1227	http://conference/review/1818
1228	http://conference/paper/293
1229	http://conference/contribution_co_author/975
1230	http://conference/paper/1647
1231	http://conference/review/1803
1232	http://conference/contribution_co_author/1280
1233	http://conference/contribution_co_author/1890
1234	http://conference/paper/514
1235	http://conference/review/2059
1236	http://conference/review/1556
1237	http://conference/review/1957
1238	http://conference/review/1873
1239	http://conference/paper/1243
1240	http://conference/reviewer/91
1241	http://conference/reviewer/1123
1242	http://conference/reviewer/480
1243	http://conference/review/1986
1244	http://conference/paper/1058
1245	http://conference/reviewer/1310
1246	http://conference/review/1673
1247	http://conference/reviewer/579
1248	http://conference/paper/252
1249	http://conference/reviewer/33
1250	http://conference/review/1774
1251	http://conference/paper/94
1252	http://conference/review/2064
1253	http://conference/review/1491
1254	http://conference/paper/316
1255	http://conference/paper/215
1256	http://conference/reviewer/219
1257	http://conference/review/1953
1258	http://conference/contribution_co_author/1355
1259	http://conference/reviewer/225
1260	http://conference/review/470
1261	http://conference/contribution_co_author/473
1262	http://conference/reviewer/1508
1263	http://conference/reviewer/1400
1264	http://conference/review/1917
1265	http://conference/contribution_co_author/1764
1266	http://conference/reviewer/1958
1267	http://conference/paper/791
1268	http://conference/paper/182
1269	http://conference/paper/285
1270	http://conference/reviewer/228
1271	http://conference/reviewer/1454
1272	http://conference/conference_document/637
1273	http://conference/reviewer/241
1274	http://conference/review/1444
1275	http://conference/person/666
1276	http://conference/conference_document/666
1277	http://conference/contribution_co_author/1661
1278	http://conference/paper/492
1279	http://conference/reviewer/3
1280	http://conference/review/970
1281	http://conference/reviewer/638
1282	http://conference/review/799
1283	http://conference/reviewer/795
1284	http://conference/review/1408
1285	http://conference/review/2130
1286	http://conference/reviewer/1052
1287	http://conference/reviewer/980
1288	http://conference/paper/1242
1289	http://conference/contribution_co_author/448
1290	http://conference/reviewer/853
1291	http://conference/contribution_co_author/298
1292	http://conference/reviewer/232
1293	http://conference/review/1300
1294	http://conference/review/1788
1295	http://conference/review/2042
1296	http://conference/contribution_co_author/467
1297	http://conference/paper/806
1298	http://conference/reviewer/383
1299	http://conference/review/382
1300	http://conference/review/1382
1301	http://conference/review/2185
1302	http://conference/review/701
1303	http://conference/reviewer/939
1304	http://conference/review/938
1305	http://conference/paper/88
1306	http://conference/contribution_co_author/1279
1307	http://conference/paper/1066
1308	http://conference/contribution_co_author/684
1309	http://conference/contribution_co_author/981
1310	http://conference/paper/833
1311	http://conference/contribution_1th_author/1395
1312	http://conference/reviewer/1351
1313	http://conference/review/1354
1314	http://conference/paper/90
1315	http://conference/paper/273
1316	http://conference/contribution_1th_author/551
1317	http://conference/paper/1539
1318	http://conference/contribution_co_author/1095
1319	http://conference/person/1367
1320	http://conference/contribution_co_author/148
1321	http://conference/paper/923
1322	http://conference/contribution_co_author/1555
1323	http://conference/reviewer/526
1324	http://conference/review/2012
1325	http://conference/review/2065
1326	http://conference/review/2232
1327	http://conference/paper/330
1328	http://conference/contribution_co_author/417
1329	http://conference/review/1824
1330	http://conference/review/1863
1331	http://conference/review/1677
1332	http://conference/review/2101
1333	http://conference/review/431
1334	http://conference/contribution_co_author/2173
1335	http://conference/paper/575
1336	http://conference/paper/49
1337	http://conference/reviewer/56
1338	http://conference/review/55
1339	http://conference/review/1809
1340	http://conference/reviewer/1798
1341	http://conference/paper/347
1342	http://conference/paper/991
1343	http://conference/contribution_1th_author/438
1344	http://conference/review/1885
1345	http://conference/contribution_co_author/1249
1346	http://conference/paper/253
1347	http://conference/person/459
1348	http://conference/paper/305
1349	http://conference/reviewer/729
1350	http://conference/review/1688
1351	http://conference/reviewer/88
1352	http://conference/reviewer/607
1353	http://conference/contribution_co_author/2090
1354	http://conference/paper/1369
1355	http://conference/person/1701
1356	http://conference/review/1795
1357	http://conference/reviewer/188
1358	http://conference/review/1223
1359	http://conference/contribution_co_author/1167
1360	http://conference/contribution_1th_author/1072
1361	http://conference/contribution_co_author/1257
1362	http://conference/reviewer/549
1363	http://conference/paper/896
1364	http://conference/paper/2009
1365	http://conference/contribution_1th_author/1507
1366	http://conference/paper/361
1367	http://conference/contribution_1th_author/1607
1368	http://conference/reviewer/255
1369	http://conference/review/2106
1370	http://conference/contribution_co_author/2066
1371	http://conference/paper/1198
1372	http://conference/contribution_co_author/1733
1373	http://conference/paper/154
1374	http://conference/contribution_co_author/1052
1375	http://conference/paper/1588
1376	http://conference/contribution_1th_author/1895
1377	http://conference/review/472
1378	http://conference/contribution_co_author/825
1379	http://conference/review/1206
1380	http://conference/paper/82
1381	http://conference/reviewer/803
1382	http://conference/contribution_co_author/1423
1383	http://conference/paper/456
1384	http://conference/review/2057
1385	http://conference/reviewer/626
1386	http://conference/reviewer/757
1387	http://conference/review/758
1388	http://conference/reviewer/1089
1389	http://conference/review/1088
1390	http://conference/contribution_co_author/1344
1391	http://conference/review/1864
1392	http://conference/contribution_1th_author/1238
1393	http://conference/paper/77
1394	http://conference/reviewer/941
1395	http://conference/reviewer/343
1396	http://conference/review/342
1397	http://conference/reviewer/1468
1398	http://conference/contribution_1th_author/186
1399	http://conference/paper/31
1400	http://conference/reviewer/1199
1401	http://conference/reviewer/1118
1402	http://conference/review/1203
1403	http://conference/contribution_1th_author/627
1404	http://conference/review/2
1405	http://conference/contribution_co_author/1034
1406	http://conference/reviewer/69
1407	http://conference/contribution_co_author/1636
1408	http://conference/reviewer/444
1409	http://conference/paper/227
1410	http://conference/reviewer/180
1411	http://conference/reviewer/330
1412	http://conference/reviewer/1050
1413	http://conference/contribution_co_author/1839
1414	http://conference/conference_document/1089
1415	http://conference/contribution_co_author/414
1416	http://conference/paper/1534
1417	http://conference/conference_document/84
1418	http://conference/reviewer/1185
1419	http://conference/reviewer/300
1420	http://conference/paper/70
1421	http://conference/review/977
1422	http://conference/contribution_co_author/1706
1423	http://conference/paper/1704
1424	http://conference/reviewer/460
1425	http://conference/review/650
1426	http://conference/person/24
1427	http://conference/reviewer/908
1428	http://conference/contribution_1th_author/1337
1429	http://conference/review/258
1430	http://conference/reviewer/684
1431	http://conference/review/1412
1432	http://conference/contribution_co_author/1400
1433	http://conference/paper/1771
1434	http://conference/reviewer/1423
1435	http://conference/reviewer/445
1436	http://conference/contribution_co_author/1222
1437	http://conference/paper/1139
1438	http://conference/paper/274
1439	http://conference/contribution_co_author/1074
1440	http://conference/contribution_1th_author/1840
1441	http://conference/paper/352
1442	http://conference/reviewer/9
1443	http://conference/review/619
1444	http://conference/review/968
1445	http://conference/contribution_co_author/162
1446	http://conference/reviewer/1393
1447	http://conference/review/870
1448	http://conference/reviewer/1543
1449	http://conference/review/2198
1450	http://conference/review/1887
1451	http://conference/review/1107
1452	http://conference/reviewer/956
1453	http://conference/review/268
1454	http://conference/paper/979
1455	http://conference/paper/237
1456	http://conference/contribution_co_author/1882
1457	http://conference/paper/1143
1458	http://conference/contribution_co_author/1062
1459	http://conference/paper/11
1460	http://conference/reviewer/1697
1461	http://conference/review/990
1462	http://conference/paper/1596
1463	http://conference/contribution_1th_author/1016
1464	http://conference/review/2070
1465	http://conference/reviewer/674
1466	http://conference/contribution_co_author/1767
1467	http://conference/paper/1021
1468	http://conference/review/2152
1469	http://conference/reviewer/2129
1470	http://conference/contribution_co_author/513
1471	http://conference/reviewer/50
1472	http://conference/paper/214
1473	http://conference/contribution_co_author/54
1474	http://conference/paper/267
1475	http://conference/review/2229
1476	http://conference/review/2146
1477	http://conference/reviewer/750
1478	http://conference/review/998
1479	http://conference/reviewer/31
1480	http://conference/contribution_1th_author/1715
1481	http://conference/reviewer/501
1482	http://conference/reviewer/919
1483	http://conference/contribution_co_author/798
1484	http://conference/paper/230
1485	http://conference/paper/1030
1486	http://conference/paper/263
1487	http://conference/review/1162
1488	http://conference/paper/7
1489	http://conference/reviewer/172
1490	http://conference/review/227
1491	http://conference/paper/443
1492	http://conference/paper/559
1493	http://conference/contribution_co_author/1635
1494	http://conference/review/1064
1495	http://conference/review/26
1496	http://conference/review/1186
1497	http://conference/review/1183
1498	http://conference/paper/1518
1499	http://conference/paper/21
1500	http://conference/review/1812
1501	http://conference/reviewer/304
1502	http://conference/review/490
1503	http://conference/reviewer/725
1504	http://conference/paper/1363
1505	http://conference/contribution_1th_author/348
1506	http://conference/paper/96
1507	http://conference/reviewer/243
1508	http://conference/reviewer/201
1509	http://conference/contribution_1th_author/531
1510	http://conference/reviewer/367
1511	http://conference/review/1509
1512	http://conference/contribution_co_author/1350
1513	http://conference/contribution_co_author/1270
1514	http://conference/reviewer/410
1515	http://conference/review/1932
1516	http://conference/paper/137
1517	http://conference/contribution_1th_author/286
1518	http://conference/paper/338
1519	http://conference/paper/283
1520	http://conference/reviewer/696
1521	http://conference/review/1158
1522	http://conference/contribution_co_author/1959
1523	http://conference/contribution_co_author/252
1524	http://conference/review/1804
1525	http://conference/reviewer/589
1526	http://conference/contribution_1th_author/588
1527	http://conference/contribution_co_author/1376
1528	http://conference/contribution_co_author/83
1529	http://conference/reviewer/1635
1530	http://conference/reviewer/1634
1531	http://conference/reviewer/1297
1532	http://conference/paper/864
1533	http://conference/review/1799
1534	http://conference/paper/345
1535	http://conference/review/1931
1536	http://conference/review/962
1537	http://conference/contribution_co_author/1915
1538	http://conference/review/434
1539	http://conference/contribution_co_author/722
1540	http://conference/contribution_co_author/3
1541	http://conference/paper/113
1542	http://conference/review/1594
1543	http://conference/person/241
1544	http://conference/conference_document/241
1545	http://conference/contribution_co_author/1174
1546	http://conference/review/804
1547	http://conference/contribution_1th_author/805
1548	http://conference/paper/68
1549	http://conference/paper/197
1550	http://conference/reviewer/214
1551	http://conference/review/1475
1552	http://conference/contribution_co_author/676
1553	http://conference/review/1825
1554	http://conference/review/1224
1555	http://conference/contribution_co_author/910
1556	http://conference/review/1615
1557	http://conference/review/1208
1558	http://conference/review/1178
1559	http://conference/reviewer/1294
1560	http://conference/review/1691
1561	http://conference/contribution_co_author/745
1562	http://conference/review/774
1563	http://conference/contribution_co_author/240
1564	http://conference/reviewer/1073
1565	http://conference/review/917
1566	http://conference/reviewer/601
1567	http://conference/review/600
1568	http://conference/person/228
1569	http://conference/review/2149
1570	http://conference/review/1752
1571	http://conference/contribution_1th_author/852
1572	http://conference/contribution_co_author/1132
1573	http://conference/conference_document/393
1574	http://conference/paper/341
1575	http://conference/review/1670
1576	http://conference/review/1802
1577	http://conference/paper/97
1578	http://conference/review/1813
1579	http://conference/reviewer/942
1580	http://conference/review/1794
1581	http://conference/review/1928
1582	http://conference/paper/200
1583	http://conference/reviewer/1149
1584	http://conference/contribution_co_author/1231
1585	http://conference/paper/232
1586	http://conference/reviewer/535
1587	http://conference/review/886
1588	http://conference/review/1519
1589	http://conference/review/455
1590	http://conference/contribution_1th_author/303
1591	http://conference/review/595
1592	http://conference/contribution_1th_author/830
1593	http://conference/reviewer/45
1594	http://conference/review/1504
1595	http://conference/review/2034
1596	http://conference/review/1409
1597	http://conference/reviewer/209
1598	http://conference/review/210
1599	http://conference/reviewer/233
1600	http://conference/review/1814
1601	http://conference/reviewer/1855
1602	http://conference/review/873
1603	http://conference/reviewer/1240
1604	http://conference/paper/1364
1605	http://conference/paper/144
1606	http://conference/paper/29
1607	http://conference/contribution_co_author/1205
1608	http://conference/contribution_co_author/1503
1609	http://conference/paper/397
1610	http://conference/review/135
1611	http://conference/contribution_co_author/1904
1612	http://conference/contribution_co_author/525
1613	http://conference/reviewer/1020
1614	http://conference/paper/583
1615	http://conference/contribution_1th_author/2006
1616	http://conference/review/1964
1617	http://conference/reviewer/700
1618	http://conference/review/699
1619	http://conference/contribution_co_author/287
1620	http://conference/paper/395
1621	http://conference/paper/167
1622	http://conference/reviewer/418
1623	http://conference/review/1086
1624	http://conference/paper/296
1625	http://conference/review/1053
1626	http://conference/contribution_1th_author/372
1627	http://conference/paper/569
1628	http://conference/contribution_1th_author/2061
1629	http://conference/paper/136
1630	http://conference/contribution_1th_author/2056
1631	http://conference/paper/191
1632	http://conference/contribution_co_author/1080
1633	http://conference/paper/1156
1634	http://conference/paper/1140
1635	http://conference/contribution_co_author/1489
1636	http://conference/paper/1619
1637	http://conference/review/2132
1638	http://conference/contribution_co_author/939
1639	http://conference/paper/268
1640	http://conference/review/2035
1641	http://conference/paper/102
1642	http://conference/paper/236
1643	http://conference/contribution_co_author/279
1644	http://conference/contribution_1th_author/1106
1645	http://conference/review/2157
1646	http://conference/paper/288
1647	http://conference/reviewer/676
1648	http://conference/review/660
1649	http://conference/review/1665
1650	http://conference/reviewer/1661
1651	http://conference/review/156
1652	http://conference/reviewer/555
1653	http://conference/review/554
1654	http://conference/paper/1260
1655	http://conference/review/561
1656	http://conference/reviewer/788
1657	http://conference/review/1963
1658	http://conference/review/931
1659	http://conference/contribution_co_author/1036
1660	http://conference/reviewer/369
1661	http://conference/review/368
1662	http://conference/contribution_co_author/707
1663	http://conference/review/1213
1664	http://conference/review/468
1665	http://conference/reviewer/200
1666	http://conference/review/855
1667	http://conference/review/2161
1668	http://conference/paper/20
1669	http://conference/paper/100
1670	http://conference/paper/732
1671	http://conference/paper/185
1672	http://conference/reviewer/525
1673	http://conference/contribution_1th_author/784
1674	http://conference/paper/187
1675	http://conference/paper/415
1676	http://conference/reviewer/64
1677	http://conference/review/63
1678	http://conference/paper/36
1679	http://conference/paper/1229
1680	http://conference/contribution_1th_author/195
1681	http://conference/paper/250
1682	http://conference/conference_document/1367
1683	http://conference/review/984
1684	http://conference/paper/659
1685	http://conference/contribution_co_author/743
1686	http://conference/review/1365
1687	http://conference/review/905
1688	http://conference/reviewer/613
1689	http://conference/review/612
1690	http://conference/contribution_co_author/44
1691	http://conference/paper/43
1692	http://conference/contribution_1th_author/1709
1693	http://conference/review/1608
1694	http://conference/contribution_co_author/820
1695	http://conference/contribution_1th_author/1878
1696	http://conference/paper/15
1697	http://conference/paper/1029
1698	http://conference/review/1976
1699	http://conference/paper/122
1700	http://conference/contribution_co_author/1606
1701	http://conference/contribution_co_author/1910
1702	http://conference/person/411
1703	http://conference/contribution_co_author/369
1704	http://conference/contribution_co_author/1478
1705	http://conference/review/1826
1706	http://conference/person/644
1707	http://conference/reviewer/35
1708	http://conference/review/1962
1709	http://conference/contribution_co_author/1582
1710	http://conference/contribution_co_author/813
1711	http://conference/paper/134
1712	http://conference/review/1241
1713	http://conference/paper/292
1714	http://conference/paper/117
1715	http://conference/contribution_co_author/1116
1716	http://conference/paper/61
1717	http://conference/reviewer/107
1718	http://conference/contribution_1th_author/165
1719	http://conference/paper/57
1720	http://conference/reviewer/316
1721	http://conference/review/322
1722	http://conference/reviewer/5
1723	http://conference/contribution_co_author/51
1724	http://conference/contribution_co_author/1112
1725	http://conference/review/142
1726	http://conference/review/1007
1727	http://conference/contribution_co_author/919
1728	http://conference/contribution_1th_author/713
1729	http://conference/paper/294
1730	http://conference/contribution_co_author/544
1731	http://conference/review/898
1732	http://conference/reviewer/1154
1733	http://conference/review/952
1734	http://conference/review/155
1735	http://conference/paper/355
1736	http://conference/paper/1450
1737	http://conference/paper/140
1738	http://conference/review/816
1739	http://conference/review/2007
1740	http://conference/contribution_co_author/1289
1741	http://conference/paper/1057
1742	http://conference/paper/116
1743	http://conference/review/1119
1744	http://conference/paper/1667
1745	http://conference/reviewer/252
1746	http://conference/review/451
1747	http://conference/review/654
1748	http://conference/contribution_co_author/1571
1749	http://conference/paper/387
1750	http://conference/reviewer/678
1751	http://conference/review/890
1752	http://conference/paper/340
1753	http://conference/reviewer/637
1754	http://conference/paper/173
1755	http://conference/review/1265
1756	http://conference/review/2021
1757	http://conference/review/2014
1758	http://conference/paper/358
1759	http://conference/review/1640
1760	http://conference/conference_document/535
1761	http://conference/reviewer/1438
1762	http://conference/review/1569
1763	http://conference/review/1849
1764	http://conference/reviewer/448
1765	http://conference/paper/903
1766	http://conference/contribution_co_author/1091
1767	http://conference/paper/1219
1768	http://conference/review/1263
1769	http://conference/reviewer/1810
1770	http://conference/reviewer/850
1771	http://conference/review/1316
1772	http://conference/review/229
1773	http://conference/review/1002
1774	http://conference/review/481
1775	http://conference/contribution_co_author/1240
1776	http://conference/paper/1662
1777	http://conference/contribution_1th_author/1361
1778	http://conference/paper/164
1779	http://conference/review/1770
1780	http://conference/contribution_co_author/783
1781	http://conference/contribution_co_author/409
1782	http://conference/contribution_co_author/942
1783	http://conference/contribution_co_author/1469
1784	http://conference/review/1155
1785	http://conference/paper/771
1786	http://conference/reviewer/92
1787	http://conference/review/1108
1788	http://conference/paper/246
1789	http://conference/contribution_co_author/67
1790	http://conference/paper/1384
1791	http://conference/reviewer/1938
1792	http://conference/review/1937
1793	http://conference/review/1969
1794	http://conference/paper/1032
1795	http://conference/contribution_1th_author/104
1796	http://conference/paper/349
1797	http://conference/contribution_co_author/1094
1798	http://conference/contribution_co_author/693
1799	http://conference/reviewer/528
1800	http://conference/review/560
1801	http://conference/review/366
1802	http://conference/review/717
1803	http://conference/contribution_co_author/518
1804	http://conference/reviewer/959
1805	http://conference/contribution_co_author/230
1806	http://conference/paper/18
1807	http://conference/paper/223
1808	http://conference/review/2128
1809	http://conference/paper/221
1810	http://conference/contribution_co_author/993
1811	http://conference/conference_volume/1266
1812	http://conference/reviewer/1860
1813	http://conference/review/1990
1814	http://conference/paper/1173
1815	http://conference/review/1641
1816	http://conference/reviewer/246
1817	http://conference/review/527
1818	http://conference/review/61
1819	http://conference/review/2150
1820	http://conference/review/293
1821	http://conference/person/637
1822	http://conference/review/782
1823	http://conference/paper/218
1824	http://conference/paper/359
1825	http://conference/paper/1540
1826	http://conference/review/602
1827	http://conference/paper/1117
1828	http://conference/review/2145
1829	http://conference/paper/1729
1830	http://conference/paper/1065
1831	http://conference/contribution_co_author/508
1832	http://conference/review/1466
1833	http://conference/paper/865
1834	http://conference/reviewer/411
1835	http://conference/review/584
1836	http://conference/person/273
1837	http://conference/paper/847
1838	http://conference/paper/84
1839	http://conference/contribution_co_author/1515
1840	http://conference/contribution_co_author/2016
1841	http://conference/review/413
1842	http://conference/contribution_co_author/1351
1843	http://conference/paper/1352
1844	http://conference/paper/290
1845	http://conference/reviewer/1905
1846	http://conference/reviewer/813
1847	http://conference/reviewer/326
1848	http://conference/review/325
1849	http://conference/review/1496
1850	http://conference/review/648
1851	http://conference/review/41
1852	http://conference/paper/5
1853	http://conference/person/541
1854	http://conference/conference_document/541
1855	http://conference/person/219
1856	http://conference/contribution_co_author/1018
1857	http://conference/paper/1015
1858	http://conference/paper/327
1859	http://conference/reviewer/742
1860	http://conference/review/818
1861	http://conference/reviewer/724
1862	http://conference/reviewer/247
1863	http://conference/contribution_1th_author/463
1864	http://conference/contribution_co_author/541
1865	http://conference/paper/356
1866	http://conference/contribution_co_author/93
1867	http://conference/paper/289
1868	http://conference/review/2113
1869	http://conference/review/144
1870	http://conference/paper/1899
1871	http://conference/conference_document/473
1872	http://conference/reviewer/1699
1873	http://conference/reviewer/1144
1874	http://conference/contribution_co_author/57
1875	http://conference/paper/89
1876	http://conference/paper/280
1877	http://conference/paper/1621
1878	http://conference/review/1592
1879	http://conference/paper/272
1880	http://conference/reviewer/935
1881	http://conference/contribution_1th_author/2158
1882	http://conference/paper/166
1883	http://conference/conference_document/678
1884	http://conference/paper/457
1885	http://conference/reviewer/1767
1886	http://conference/review/1996
1887	http://conference/reviewer/879
1888	http://conference/review/880
1889	http://conference/reviewer/96
1890	http://conference/contribution_co_author/459
1891	http://conference/conference_volume/565
1892	http://conference/review/1579
1893	http://conference/reviewer/743
1894	http://conference/review/1950
1895	http://conference/paper/694
1896	http://conference/paper/222
1897	http://conference/contribution_co_author/1722
1898	http://conference/reviewer/1567
1899	http://conference/paper/121
1900	http://conference/paper/34
1901	http://conference/review/1234
1902	http://conference/paper/101
1903	http://conference/review/843
1904	http://conference/contribution_co_author/404
1905	http://conference/review/169
1906	http://conference/contribution_1th_author/2212
1907	http://conference/paper/436
1908	http://conference/paper/876
1909	http://conference/reviewer/417
1910	http://conference/review/1096
1911	http://conference/paper/205
1912	http://conference/review/585
1913	http://conference/reviewer/621
1914	http://conference/contribution_co_author/1792
1915	http://conference/paper/86
1916	http://conference/reviewer/1071
1917	http://conference/review/1837
1918	http://conference/paper/325
1919	http://conference/paper/179
1920	http://conference/reviewer/933
1921	http://conference/paper/1090
1922	http://conference/paper/277
1923	http://conference/reviewer/44
1924	http://conference/review/848
1925	http://conference/paper/27
1926	http://conference/contribution_co_author/611
1927	http://conference/contribution_co_author/254
1928	http://conference/review/1497
1929	http://conference/review/131
1930	http://conference/review/1323
1931	http://conference/contribution_co_author/633
1932	http://conference/paper/1616
1933	http://conference/paper/14
1934	http://conference/contribution_1th_author/1544
1935	http://conference/paper/201
1936	http://conference/review/807
1937	http://conference/contribution_co_author/1801
1938	http://conference/contribution_co_author/2129
1939	http://conference/paper/969
1940	http://conference/person/1034
1941	http://conference/conference_document/228
1942	http://conference/paper/255
1943	http://conference/reviewer/486
1944	http://conference/reviewer/1
1945	http://conference/review/0
1946	http://conference/review/2138
1947	http://conference/contribution_co_author/1847
1948	http://conference/reviewer/1725
1949	http://conference/review/1724
1950	http://conference/contribution_1th_author/2038
1951	http://conference/contribution_co_author/687
1952	http://conference/contribution_co_author/604
1953	http://conference/paper/1359
1954	http://conference/contribution_co_author/850
1955	http://conference/review/1718
1956	http://conference/paper/258
1957	http://conference/contribution_co_author/739
1958	http://conference/contribution_co_author/639
1959	http://conference/review/1498
1960	http://conference/paper/64
1961	http://conference/reviewer/711
1962	http://conference/review/710
1963	http://conference/contribution_co_author/803
1964	http://conference/paper/374
1965	http://conference/review/738
1966	http://conference/paper/108
1967	http://conference/contribution_co_author/1147
1968	http://conference/review/1874
1969	http://conference/reviewer/275
1970	http://conference/review/1027
1971	http://conference/paper/315
1972	http://conference/review/2047
1973	http://conference/review/495
1974	http://conference/review/1712
1975	http://conference/paper/56
1976	http://conference/review/1734
1977	http://conference/paper/2102
1978	http://conference/paper/32
1979	http://conference/review/15
1980	http://conference/contribution_co_author/708
1981	http://conference/review/586
1982	http://conference/contribution_co_author/635
1983	http://conference/contribution_co_author/867
1984	http://conference/contribution_1th_author/1514
1985	http://conference/paper/394
1986	http://conference/paper/741
1987	http://conference/reviewer/185
1988	http://conference/review/1908
1989	http://conference/contribution_co_author/301
1990	http://conference/paper/1559
1991	http://conference/reviewer/587
1992	http://conference/review/1668
1993	http://conference/contribution_co_author/1357
1994	http://conference/review/578
1995	http://conference/paper/298
1996	http://conference/reviewer/1416
1997	http://conference/review/1415
1998	http://conference/reviewer/1512
1999	http://conference/review/1511
2000	http://conference/review/989
2001	http://conference/contribution_co_author/27
2002	http://conference/contribution_co_author/1542
2003	http://conference/contribution_1th_author/94
2004	http://conference/paper/168
2005	http://conference/paper/1531
2006	http://conference/review/1984
2007	http://conference/paper/309
2008	http://conference/reviewer/1633
2009	http://conference/contribution_1th_author/1844
2010	http://conference/paper/328
2011	http://conference/reviewer/67
2012	http://conference/review/889
2013	http://conference/reviewer/1481
2014	http://conference/reviewer/1008
2015	http://conference/paper/169
2016	http://conference/review/1731
2017	http://conference/review/1309
2018	http://conference/review/1702
2019	http://conference/review/1227
2020	http://conference/paper/1714
2021	http://conference/review/963
2022	http://conference/review/2079
2023	http://conference/contribution_1th_author/1517
2024	http://conference/review/1129
2025	http://conference/review/2008
2026	http://conference/reviewer/666
2027	http://conference/review/1906
2028	http://conference/contribution_1th_author/1955
2029	http://conference/contribution_co_author/589
2030	http://conference/reviewer/836
2031	http://conference/paper/617
2032	http://conference/reviewer/752
2033	http://conference/review/1870
2034	http://conference/paper/282
2035	http://conference/paper/265
2036	http://conference/contribution_co_author/1003
2037	http://conference/paper/281
2038	http://conference/review/564
2039	http://conference/paper/921
2040	http://conference/review/321
2041	http://conference/paper/1226
2042	http://conference/review/1428
2043	http://conference/reviewer/1762
2044	http://conference/review/213
2045	http://conference/reviewer/473
2046	http://conference/review/1589
2047	http://conference/reviewer/238
2048	http://conference/review/2060
2049	http://conference/review/951
2050	http://conference/contribution_co_author/276
2051	http://conference/review/1131
2052	http://conference/reviewer/352
2053	http://conference/review/1780
2054	http://conference/contribution_co_author/901
2055	http://conference/person/678
2056	http://conference/review/1892
2057	http://conference/reviewer/709
2058	http://conference/paper/240
2059	http://conference/paper/155
2060	http://conference/contribution_1th_author/831
2061	http://conference/contribution_co_author/539
2062	http://conference/conference_document/273
2063	http://conference/review/2010
2064	http://conference/paper/454
2065	http://conference/paper/510
2066	http://conference/paper/571
2067	http://conference/contribution_co_author/1624
2068	http://conference/paper/714
2069	http://conference/reviewer/1060
2070	http://conference/review/1061
2071	http://conference/paper/35
2072	http://conference/contribution_co_author/1577
2073	http://conference/reviewer/1701
2074	http://conference/paper/42
2075	http://conference/paper/1161
2076	http://conference/contribution_co_author/995
2077	http://conference/paper/811
2078	http://conference/paper/856
2079	http://conference/review/357
2080	http://conference/paper/891
2081	http://conference/conference_document/45
2082	http://conference/contribution_co_author/84
2083	http://conference/contribution_co_author/370
2084	http://conference/paper/371
2085	http://conference/review/1402
2086	http://conference/reviewer/1494
2087	http://conference/review/1493
2088	http://conference/paper/209
2089	http://conference/review/1012
2090	http://conference/paper/112
2091	http://conference/reviewer/1637
2092	http://conference/review/1966
2093	http://conference/contribution_co_author/1331
2094	http://conference/reviewer/164
2095	http://conference/contribution_1th_author/1277
2096	http://conference/paper/198
2097	http://conference/contribution_co_author/1334
2098	http://conference/contribution_1th_author/421
2099	http://conference/contribution_co_author/1050
2100	http://conference/paper/276
2101	http://conference/review/1410
2102	http://conference/review/1581
2103	http://conference/paper/55
2104	http://conference/contribution_co_author/500
2105	http://conference/reviewer/1174
2106	http://conference/paper/336
2107	http://conference/paper/104
2108	http://conference/contribution_co_author/1506
2109	http://conference/contribution_co_author/957
2110	http://conference/paper/350
2111	http://conference/paper/1646
2112	http://conference/contribution_co_author/247
2113	http://conference/contribution_1th_author/1009
2114	http://conference/paper/196
2115	http://conference/review/675
2116	http://conference/contribution_1th_author/1775
2117	http://conference/reviewer/364
2118	http://conference/reviewer/707
2119	http://conference/paper/1631
2120	http://conference/reviewer/187
2121	http://conference/review/2137
2122	http://conference/contribution_co_author/1008
2123	http://conference/paper/582
2124	http://conference/contribution_1th_author/1180
2125	http://conference/contribution_co_author/703
2126	http://conference/paper/256
2127	http://conference/review/1586
2128	http://conference/contribution_co_author/410
2129	http://conference/review/1632
2130	http://conference/reviewer/1167
2131	http://conference/review/317
2132	http://conference/paper/176
2133	http://conference/contribution_co_author/641
2134	http://conference/review/972
2135	http://conference/paper/1390
2136	http://conference/review/2245
2137	http://conference/reviewer/1034
2138	http://conference/review/996
2139	http://conference/paper/92
2140	http://conference/review/1216
2141	http://conference/review/2117
2142	http://conference/reviewer/1011
2143	http://conference/review/1427
2144	http://conference/reviewer/237
2145	http://conference/review/819
2146	http://conference/contribution_co_author/244
2147	http://conference/review/1868
2148	http://conference/reviewer/447
2149	http://conference/review/1417
2150	http://conference/contribution_co_author/686
2151	http://conference/paper/17
2152	http://conference/reviewer/793
2153	http://conference/contribution_co_author/1591
2154	http://conference/reviewer/245
2155	http://conference/reviewer/1080
2156	http://conference/review/960
2157	http://conference/paper/152
2158	http://conference/paper/1298
2159	http://conference/reviewer/248
2160	http://conference/contribution_1th_author/2017
2161	http://conference/paper/364
2162	http://conference/review/1529
2163	http://conference/paper/91
2164	http://conference/contribution_co_author/329
2165	http://conference/review/1329
2166	http://conference/reviewer/16
2167	http://conference/review/204
2168	http://conference/paper/286
2169	http://conference/review/2087
2170	http://conference/reviewer/944
2171	http://conference/review/945
2172	http://conference/review/1985
2173	http://conference/contribution_co_author/1310
2174	http://conference/contribution_co_author/1671
2175	http://conference/review/1875
2176	http://conference/paper/47
2177	http://conference/review/1353
2178	http://conference/review/1685
2179	http://conference/review/1639
2180	http://conference/paper/360
2181	http://conference/contribution_co_author/1467
2182	http://conference/reviewer/723
2183	http://conference/paper/76
2184	http://conference/review/534
2185	http://conference/paper/947
2186	http://conference/contribution_co_author/151
2187	http://conference/paper/153
2188	http://conference/review/1842
2189	http://conference/reviewer/686
2190	http://conference/paper/193
2191	http://conference/review/437
2192	http://conference/paper/1225
2193	http://conference/paper/231
2194	http://conference/review/1918
2195	http://conference/review/1373
2196	http://conference/paper/705
2197	http://conference/paper/297
2198	http://conference/contribution_co_author/50
2199	http://conference/contribution_co_author/1387
2200	http://conference/paper/545
2201	http://conference/contribution_co_author/196
2202	http://conference/review/1368
2203	http://conference/review/1900
2204	http://conference/paper/225
2205	http://conference/reviewer/1452
2206	http://conference/review/882
2207	http://conference/paper/765
2208	http://conference/contribution_co_author/444
2209	http://conference/paper/99
2210	http://conference/review/2046
2211	http://conference/review/272
2212	http://conference/contribution_1th_author/1191
2213	http://conference/paper/279
2214	http://conference/review/1214
2215	http://conference/reviewer/205
2216	http://conference/contribution_co_author/673
2217	http://conference/reviewer/543
2218	http://conference/review/542
2219	http://conference/review/1821
2220	http://conference/review/1886
2221	http://conference/paper/157
2222	http://conference/review/1970
2223	http://conference/review/1296
2224	http://conference/reviewer/497
2225	http://conference/review/1791
2226	http://conference/review/878
2227	http://conference/paper/1325
2228	http://conference/reviewer/540
2229	http://conference/review/875
2230	http://conference/contribution_co_author/573
2231	http://conference/review/683
2232	http://conference/review/2052
2233	http://conference/conference_document/523
2234	http://conference/review/1920
2235	http://conference/review/358
2236	http://conference/review/121
2237	http://conference/paper/145
2238	http://conference/review/1246
2239	http://conference/reviewer/1424
2240	http://conference/paper/367
2241	http://conference/reviewer/315
2242	http://conference/review/576
2243	http://conference/contribution_1th_author/815
2244	http://conference/reviewer/871
2245	http://conference/contribution_co_author/1405
2246	http://conference/paper/1404
2247	http://conference/paper/888
2248	http://conference/review/1983
2249	http://conference/review/77
2250	http://conference/review/1991
2251	http://conference/review/1989
2252	http://conference/person/45
2253	http://conference/paper/400
2254	http://conference/reviewer/1041
2255	http://conference/review/1040
2256	http://conference/contribution_co_author/361
2257	http://conference/paper/118
2258	http://conference/person/487
2259	http://conference/conference_document/487
2260	http://conference/person/523
2261	http://conference/review/1749
2262	http://conference/reviewer/642
2263	http://conference/contribution_co_author/1362
2264	http://conference/review/1721
2265	http://conference/paper/706
2266	http://conference/review/652
2267	http://conference/paper/511
2268	http://conference/reviewer/909
2269	http://conference/review/520
2270	http://conference/reviewer/975
2271	http://conference/paper/163
2272	http://conference/contribution_co_author/1697
2273	http://conference/reviewer/661
2274	http://conference/review/2209
2275	http://conference/paper/365
2276	http://conference/review/1523
2277	http://conference/review/2180
2278	http://conference/review/2054
2279	http://conference/paper/206
2280	http://conference/review/900
2281	http://conference/paper/241
2282	http://conference/reviewer/1054
2283	http://conference/reviewer/409
2284	http://conference/contribution_co_author/82
2285	http://conference/paper/178
2286	http://conference/review/1973
2287	http://conference/reviewer/106
2288	http://conference/review/1836
2289	http://conference/paper/318
2290	http://conference/review/1187
2291	http://conference/reviewer/51
2292	http://conference/review/1924
2293	http://conference/contribution_co_author/1851
2294	http://conference/contribution_co_author/670
2295	http://conference/reviewer/230
2296	http://conference/paper/306
2297	http://conference/review/1881
2298	http://conference/paper/1757
2299	http://conference/reviewer/1636
2300	http://conference/contribution_co_author/933
2301	http://conference/review/1776
2302	http://conference/paper/474
2303	http://conference/review/2169
2304	http://conference/paper/482
2305	http://conference/reviewer/995
2306	http://conference/review/1482
2307	http://conference/paper/1256
2308	http://conference/review/622
2309	http://conference/reviewer/116
2310	http://conference/person/1089
2311	http://conference/review/1784
2312	http://conference/review/849
2313	http://conference/paper/756
2314	http://conference/paper/12
2315	http://conference/review/1894
2316	http://conference/review/1471
2317	http://conference/conference_document/219
2318	http://conference/review/1081
2319	http://conference/paper/1484
2320	http://conference/reviewer/1764
2321	http://conference/review/1759
2322	http://conference/review/1538
2323	http://conference/review/2004
2324	http://conference/contribution_co_author/338
2325	http://conference/reviewer/1019
2326	http://conference/review/182
2327	http://conference/review/2125
2328	http://conference/conference_document/1701
2329	http://conference/contribution_1th_author/1100
2330	http://conference/paper/1
2331	http://conference/review/1273
2332	http://conference/paper/1695
2333	http://conference/review/1838
2334	http://conference/review/2095
2335	http://conference/contribution_co_author/378
2336	http://conference/review/1713
2337	http://conference/review/1204
2338	http://conference/contribution_co_author/476
2339	http://conference/paper/326
2340	http://conference/review/1228
2341	http://conference/reviewer/1549
2342	http://conference/paper/59
2343	http://conference/review/1967
2344	http://conference/contribution_co_author/339
2345	http://conference/reviewer/53
2346	http://conference/review/266
2347	http://conference/paper/65
2348	http://conference/review/8
2349	http://conference/contribution_co_author/788
2350	http://conference/paper/188
2351	http://conference/paper/23
2352	http://conference/reviewer/1147
2353	http://conference/review/1146
2354	http://conference/reviewer/1537
2355	http://conference/review/1566
2356	http://conference/paper/229
2357	http://conference/review/572
2358	http://conference/review/1345
2359	http://conference/conference_volume/318
2360	http://conference/review/1079
2361	http://conference/review/1867
2362	http://conference/paper/175
2363	http://conference/paper/156
2364	http://conference/contribution_1th_author/2118
2365	http://conference/paper/1051
2366	http://conference/review/1447
2367	http://conference/review/863
2368	http://conference/reviewer/987
2369	http://conference/reviewer/1257
2370	http://conference/review/1258
2371	http://conference/contribution_1th_author/1125
2372	http://conference/paper/894
2373	http://conference/review/1383
2374	http://conference/contribution_1th_author/1696
2375	http://conference/review/1726
2376	http://conference/review/1593
2377	http://conference/contribution_co_author/35
2378	http://conference/contribution_1th_author/2073
2379	http://conference/contribution_1th_author/1046
2380	http://conference/contribution_co_author/275
2381	http://conference/contribution_co_author/846
2382	http://conference/review/1386
2383	http://conference/review/1628
2384	http://conference/review/1084
2385	http://conference/review/1598
2386	http://conference/reviewer/1437
2387	http://conference/paper/1252
2388	http://conference/review/1981
2389	http://conference/review/731
2390	http://conference/reviewer/1344
2391	http://conference/review/770
2392	http://conference/review/2135
2393	http://conference/contribution_co_author/2170
2394	http://conference/review/73
2395	http://conference/contribution_1th_author/2217
2396	http://conference/review/100
2397	http://conference/contribution_1th_author/695
2398	http://conference/paper/170
2399	http://conference/reviewer/1687
2400	http://conference/review/1022
2401	http://conference/paper/6
2402	http://conference/reviewer/298
2403	http://conference/paper/1883
2404	http://conference/review/1472
2405	http://conference/contribution_co_author/698
2406	http://conference/reviewer/530
2407	http://conference/reviewer/1748
2408	http://conference/reviewer/1555
2409	http://conference/review/79
2410	http://conference/paper/106
2411	http://conference/review/1339
2412	http://conference/review/655
2413	http://conference/review/1374
2414	http://conference/paper/75
2415	http://conference/review/2083
2416	http://conference/paper/278
2417	http://conference/contribution_co_author/1852
2418	http://conference/review/844
2419	http://conference/contribution_co_author/2151
2420	http://conference/review/2105
2421	http://conference/reviewer/103
2422	http://conference/paper/1557
2423	http://conference/reviewer/1959
2424	http://conference/review/2093
2425	http://conference/conference_document/24
2426	http://conference/reviewer/657
2427	http://conference/contribution_co_author/2001
2428	http://conference/contribution_co_author/181
2429	http://conference/contribution_co_author/524
2430	http://conference/review/1039
2431	http://conference/paper/1218
2432	http://conference/review/1462
2433	http://conference/reviewer/1056
2434	http://conference/reviewer/997
2435	http://conference/reviewer/1315
2436	http://conference/reviewer/84
2437	http://conference/paper/16
2438	http://conference/review/1121
2439	http://conference/contribution_co_author/391
2440	http://conference/review/1601
2441	http://conference/paper/161
2442	http://conference/review/2037
2443	http://conference/paper/312
2444	http://conference/review/1760
2445	http://conference/paper/1268
2446	http://conference/review/261
2447	http://conference/review/1055
2448	http://conference/reviewer/1235
2449	http://conference/reviewer/1101
2450	http://conference/review/1666
2451	http://conference/paper/224
2452	http://conference/reviewer/817
2453	http://conference/paper/449
2454	http://conference/reviewer/1130
2455	http://conference/review/2136
2456	http://conference/reviewer/553
2457	http://conference/paper/210
2458	http://conference/review/1097
2459	http://conference/reviewer/506
2460	http://conference/contribution_co_author/1508
2461	http://conference/review/2154
2462	http://conference/contribution_co_author/161
2463	http://conference/review/1816
2464	http://conference/review/749
2465	http://conference/review/1470
2466	http://conference/reviewer/1942
2467	http://conference/review/1603
2468	http://conference/review/1114
2469	http://conference/reviewer/518
2470	http://conference/review/517
2471	http://conference/reviewer/109
2472	http://conference/review/2031
2473	http://conference/review/491
2474	http://conference/contribution_1th_author/1449
2475	http://conference/reviewer/1270
2476	http://conference/paper/177
2477	http://conference/contribution_1th_author/2025
2478	http://conference/review/2188
2479	http://conference/contribution_co_author/769
2480	http://conference/contribution_co_author/2210
2481	http://conference/review/1269
2482	http://conference/paper/946
2483	http://conference/review/1649
2484	http://conference/review/1961
2485	http://conference/reviewer/820
2486	http://conference/review/428
2487	http://conference/review/1232
2488	http://conference/reviewer/488
2489	http://conference/reviewer/708
2490	http://conference/review/1936
2491	http://conference/contribution_co_author/209
2492	http://conference/review/102
2493	http://conference/reviewer/306
2494	http://conference/review/1741
2495	http://conference/review/1166
2496	http://conference/reviewer/629
2497	http://conference/review/1650
2498	http://conference/paper/329
2499	http://conference/reviewer/1254
2500	http://conference/review/1026
2501	http://conference/paper/239
